{
    "prepare_queue": {
        "installed": [],
        "uninstalled": []
    },
    "config_munge": {
        "files": {
            "res/xml/config.xml": {
                "parents": {
                    "/*": [
                        {
                            "xml": "<feature name=\"PushPlugin\"><param name=\"android-package\" value=\"com.plugin.gcm.PushPlugin\" /></feature>",
                            "count": 1
                        },
                        {
                            "xml": "<feature name=\"Device\"><param name=\"android-package\" value=\"org.apache.cordova.device.Device\" /></feature>",
                            "count": 1
                        },
                        {
                            "xml": "<feature name=\"Geolocation\"><param name=\"android-package\" value=\"org.apache.cordova.geolocation.Geolocation\" /></feature>",
                            "count": 1
                        },
                        {
                            "xml": "<feature name=\"SplashScreen\"><param name=\"android-package\" value=\"org.apache.cordova.splashscreen.SplashScreen\" /><param name=\"onload\" value=\"true\" /></feature>",
                            "count": 1
                        },
                        {
                            "xml": "<feature name=\"StatusBar\"><param name=\"android-package\" value=\"org.apache.cordova.statusbar.StatusBar\" /><param name=\"onload\" value=\"true\" /></feature>",
                            "count": 1
                        },
                        {
                            "xml": "<feature name=\"Whitelist\"><param name=\"android-package\" value=\"org.apache.cordova.whitelist.WhitelistPlugin\" /><param name=\"onload\" value=\"true\" /></feature>",
                            "count": 1
                        },
                        {
                            "xml": "<feature name=\"Keyboard\"><param name=\"android-package\" value=\"io.ionic.keyboard.IonicKeyboard\" /><param name=\"onload\" value=\"true\" /></feature>",
                            "count": 1
                        }
                    ],
                    "plugins": []
                }
            },
            "AndroidManifest.xml": {
                "parents": {
                    "/manifest": [
                        {
                            "xml": "<uses-permission android:name=\"android.permission.ACCESS_NETWORK_STATE\" />",
                            "count": 1
                        },
                        {
                            "xml": "<uses-permission android:name=\"android.permission.GET_ACCOUNTS\" />",
                            "count": 1
                        },
                        {
                            "xml": "<uses-permission android:name=\"android.permission.WAKE_LOCK\" />",
                            "count": 1
                        },
                        {
                            "xml": "<uses-permission android:name=\"android.permission.VIBRATE\" />",
                            "count": 1
                        },
                        {
                            "xml": "<uses-permission android:name=\"com.google.android.c2dm.permission.RECEIVE\" />",
                            "count": 1
                        },
                        {
                            "xml": "<permission android:name=\"com.smart.parking.permission.C2D_MESSAGE\" android:protectionLevel=\"signature\" />",
                            "count": 1
                        },
                        {
                            "xml": "<uses-permission android:name=\"com.smart.parking.permission.C2D_MESSAGE\" />",
                            "count": 1
                        }
                    ],
                    "/manifest/application": [
                        {
                            "xml": "<activity android:exported=\"true\" android:name=\"com.plugin.gcm.PushHandlerActivity\" />",
                            "count": 1
                        },
                        {
                            "xml": "<receiver android:name=\"com.plugin.gcm.CordovaGCMBroadcastReceiver\" android:permission=\"com.google.android.c2dm.permission.SEND\"><intent-filter><action android:name=\"com.google.android.c2dm.intent.RECEIVE\" /><action android:name=\"com.google.android.c2dm.intent.REGISTRATION\" /><category android:name=\"com.smart.parking\" /></intent-filter></receiver>",
                            "count": 1
                        },
                        {
                            "xml": "<service android:name=\"com.plugin.gcm.GCMIntentService\" />",
                            "count": 1
                        }
                    ],
                    "/*": [
                        {
                            "xml": "<uses-permission android:name=\"android.permission.ACCESS_COARSE_LOCATION\" />",
                            "count": 1
                        },
                        {
                            "xml": "<uses-permission android:name=\"android.permission.ACCESS_FINE_LOCATION\" />",
                            "count": 1
                        }
                    ]
                }
            }
        }
    },
    "installed_plugins": {
        "com.phonegap.plugins.PushPlugin": {
            "PACKAGE_NAME": "com.smart.parking"
        },
        "cordova-plugin-console": {
            "PACKAGE_NAME": "com.smart.parking"
        },
        "cordova-plugin-device": {
            "PACKAGE_NAME": "com.smart.parking"
        },
        "cordova-plugin-geolocation": {
            "PACKAGE_NAME": "com.smart.parking"
        },
        "cordova-plugin-splashscreen": {
            "PACKAGE_NAME": "com.smart.parking"
        },
        "cordova-plugin-statusbar": {
            "PACKAGE_NAME": "com.smart.parking"
        },
        "cordova-plugin-whitelist": {
            "PACKAGE_NAME": "com.smart.parking"
        },
        "ionic-plugin-keyboard": {
            "PACKAGE_NAME": "com.smart.parking"
        }
    },
    "dependent_plugins": {},
    "modules": [
        {
            "file": "plugins/com.phonegap.plugins.PushPlugin/www/PushNotification.js",
            "id": "com.phonegap.plugins.PushPlugin.PushNotification",
            "clobbers": [
                "PushNotification"
            ]
        },
        {
            "file": "plugins/cordova-plugin-device/www/device.js",
            "id": "cordova-plugin-device.device",
            "clobbers": [
                "device"
            ]
        },
        {
            "file": "plugins/cordova-plugin-geolocation/www/android/geolocation.js",
            "id": "cordova-plugin-geolocation.geolocation",
            "clobbers": [
                "navigator.geolocation"
            ]
        },
        {
            "file": "plugins/cordova-plugin-geolocation/www/PositionError.js",
            "id": "cordova-plugin-geolocation.PositionError",
            "runs": true
        },
        {
            "file": "plugins/cordova-plugin-splashscreen/www/splashscreen.js",
            "id": "cordova-plugin-splashscreen.SplashScreen",
            "clobbers": [
                "navigator.splashscreen"
            ]
        },
        {
            "file": "plugins/cordova-plugin-statusbar/www/statusbar.js",
            "id": "cordova-plugin-statusbar.statusbar",
            "clobbers": [
                "window.StatusBar"
            ]
        },
        {
            "file": "plugins/cordova-plugin-whitelist/whitelist.js",
            "id": "cordova-plugin-whitelist.whitelist",
            "runs": true
        },
        {
            "file": "plugins/ionic-plugin-keyboard/www/android/keyboard.js",
            "id": "ionic-plugin-keyboard.keyboard",
            "clobbers": [
                "cordova.plugins.Keyboard"
            ],
            "runs": true
        }
    ],
    "plugin_metadata": {
        "com.phonegap.plugins.PushPlugin": "2.5.0",
        "cordova-plugin-console": "1.0.2",
        "cordova-plugin-device": "1.1.1",
        "cordova-plugin-geolocation": "2.1.0",
        "cordova-plugin-splashscreen": "3.1.0",
        "cordova-plugin-statusbar": "2.1.2",
        "cordova-plugin-whitelist": "1.2.1",
        "ionic-plugin-keyboard": "1.0.8"
    }
}